Year,Average_Silver
2026,96.0832
2025,41.5015
2011,35.556666666666665
2012,31.626666666666665
2024,28.128033333333335
